,access,starttime,endtime,duration,circle,sen_name,sat_name,fac_name,toptime,topazangle,topelangle
0,1,2022/10/20 11:59:46.762,2022/10/20 12:03:50.002,243.240,5,sen0,sat0,fac0,2022/10/20 12:01:48,10.755,70.459
1,2,2022/10/20 13:49:10.860,2022/10/20 13:53:24.366,253.505,6,sen0,sat0,fac0,2022/10/20 13:51:17,356.056,76.246
2,3,2022/10/20 15:40:23.084,2022/10/20 15:40:39.228,16.143,7,sen0,sat0,fac0,2022/10/20 15:40:31,332.253,45.058
3,1,2022/10/20 19:37:11.038,2022/10/20 19:39:08.276,117.237,10,sen0,sat11,fac0,2022/10/20 19:38:09,358.104,52.664
4,1,2022/10/20 08:41:32.526,2022/10/20 08:44:02.555,150.029,4,sen0,sat14,fac0,2022/10/20 08:42:47,23.600,69.303
5,2,2022/10/20 10:15:55.416,2022/10/20 10:17:34.547,99.130,5,sen0,sat14,fac0,2022/10/20 10:16:44,193.835,52.058
6,3,2022/10/20 13:22:53.734,2022/10/20 13:25:27.774,154.039,7,sen0,sat14,fac0,2022/10/20 13:24:10,162.428,72.846
7,1,2022/10/20 09:26:53.097,2022/10/20 09:31:28.158,275.061,4,sen0,sat19,fac0,2022/10/20 09:29:10,66.350,78.117
8,2,2022/10/20 18:41:32.846,2022/10/20 18:45:07.551,214.705,9,sen0,sat19,fac0,2022/10/20 18:43:19,295.059,58.071
9,1,2022/10/20 23:17:04.170,2022/10/20 23:20:27.169,202.999,12,sen0,sat2,fac0,2022/10/20 23:18:45,9.840,58.643
10,2,2022/10/21 01:06:28.308,2022/10/21 01:09:56.753,208.445,13,sen0,sat2,fac0,2022/10/21 01:08:12,347.010,59.725
11,1,2022/10/20 11:34:48.514,2022/10/20 11:36:04.367,75.854,5,sen0,sat20,fac0,2022/10/20 11:35:26,38.521,47.007
12,2,2022/10/20 13:19:05.228,2022/10/20 13:22:37.682,212.455,6,sen0,sat20,fac0,2022/10/20 13:20:51,190.085,75.398
13,3,2022/10/20 15:05:17.029,2022/10/20 15:08:22.773,185.744,7,sen0,sat20,fac0,2022/10/20 15:06:49,177.680,62.281
14,4,2022/10/20 16:50:49.503,2022/10/20 16:54:25.796,216.292,8,sen0,sat20,fac0,2022/10/20 16:52:37,336.827,80.334
15,1,2022/10/20 22:09:37.815,2022/10/20 22:12:34.468,176.653,11,sen0,sat22,fac0,2022/10/20 22:11:05,272.964,61.818
16,1,2022/10/20 12:11:52.628,2022/10/20 12:16:09.284,256.656,5,sen0,sat29,fac0,2022/10/20 12:14:00,114.361,74.985
17,2,2022/10/21 03:39:16.676,2022/10/21 03:42:24.225,187.549,14,sen0,sat29,fac0,2022/10/21 03:40:50,242.413,55.135
18,1,2022/10/20 12:44:55.204,2022/10/20 12:48:12.183,196.978,6,sen0,sat5,fac0,2022/10/20 12:46:33,280.331,76.445
19,2,2022/10/21 01:46:10.687,2022/10/21 01:49:33.809,203.122,14,sen0,sat5,fac0,2022/10/21 01:47:51,66.885,85.576
20,1,2022/10/20 05:23:53.726,2022/10/20 05:27:00.261,186.536,2,sen0,sat6,fac0,2022/10/20 05:25:26,333.199,76.883
21,2,2022/10/21 00:00:09.280,2022/10/21 00:02:55.974,166.694,13,sen0,sat6,fac0,2022/10/21 00:01:32,202.545,64.439
22,1,2022/10/20 10:13:28.939,2022/10/20 10:16:35.800,186.861,4,sen0,sat7,fac0,2022/10/20 10:15:01,216.715,58.204
23,2,2022/10/20 16:53:40.151,2022/10/20 16:57:36.172,236.021,8,sen0,sat7,fac0,2022/10/20 16:55:38,139.044,76.724
24,1,2022/10/20 11:15:38.211,2022/10/20 11:18:24.502,166.291,5,sen0,sat8,fac0,2022/10/20 11:17:01,247.329,66.318
25,1,2022/10/20 17:31:40.260,2022/10/20 17:36:19.030,278.770,8,sen0,sat9,fac0,2022/10/20 17:33:59,54.166,73.780
26,2,2022/10/21 00:59:32.348,2022/10/21 01:04:22.978,290.630,12,sen0,sat9,fac0,2022/10/21 01:01:57,122.729,81.426
27,1,2022/10/20 11:59:46.762,2022/10/20 12:03:50.002,243.240,5,sen1,sat0,fac0,2022/10/20 12:01:48,10.755,70.459
28,2,2022/10/20 13:49:10.860,2022/10/20 13:53:24.366,253.505,6,sen1,sat0,fac0,2022/10/20 13:51:17,356.056,76.246
29,3,2022/10/20 15:40:23.084,2022/10/20 15:40:39.228,16.143,7,sen1,sat0,fac0,2022/10/20 15:40:31,332.253,45.058
30,1,2022/10/20 19:37:11.038,2022/10/20 19:39:08.276,117.237,10,sen1,sat11,fac0,2022/10/20 19:38:09,358.104,52.664
31,1,2022/10/20 08:41:32.526,2022/10/20 08:44:02.555,150.029,4,sen1,sat14,fac0,2022/10/20 08:42:47,23.600,69.303
32,2,2022/10/20 10:15:55.416,2022/10/20 10:17:34.547,99.130,5,sen1,sat14,fac0,2022/10/20 10:16:44,193.835,52.058
33,3,2022/10/20 13:22:53.734,2022/10/20 13:25:27.774,154.039,7,sen1,sat14,fac0,2022/10/20 13:24:10,162.428,72.846
34,1,2022/10/20 09:26:53.097,2022/10/20 09:31:28.158,275.061,4,sen1,sat19,fac0,2022/10/20 09:29:10,66.350,78.117
35,2,2022/10/20 18:41:32.846,2022/10/20 18:45:07.551,214.705,9,sen1,sat19,fac0,2022/10/20 18:43:19,295.059,58.071
36,1,2022/10/20 23:17:04.170,2022/10/20 23:20:27.169,202.999,12,sen1,sat2,fac0,2022/10/20 23:18:45,9.840,58.643
37,2,2022/10/21 01:06:28.308,2022/10/21 01:09:56.753,208.445,13,sen1,sat2,fac0,2022/10/21 01:08:12,347.010,59.725
38,1,2022/10/20 11:34:48.514,2022/10/20 11:36:04.367,75.854,5,sen1,sat20,fac0,2022/10/20 11:35:26,38.521,47.007
39,2,2022/10/20 13:19:05.228,2022/10/20 13:22:37.682,212.455,6,sen1,sat20,fac0,2022/10/20 13:20:51,190.085,75.398
40,3,2022/10/20 15:05:17.029,2022/10/20 15:08:22.773,185.744,7,sen1,sat20,fac0,2022/10/20 15:06:49,177.680,62.281
41,4,2022/10/20 16:50:49.503,2022/10/20 16:54:25.796,216.292,8,sen1,sat20,fac0,2022/10/20 16:52:37,336.827,80.334
42,1,2022/10/20 22:09:37.815,2022/10/20 22:12:34.468,176.653,11,sen1,sat22,fac0,2022/10/20 22:11:05,272.964,61.818
43,1,2022/10/20 12:11:52.628,2022/10/20 12:16:09.284,256.656,5,sen1,sat29,fac0,2022/10/20 12:14:00,114.361,74.985
44,2,2022/10/21 03:39:16.676,2022/10/21 03:42:24.225,187.549,14,sen1,sat29,fac0,2022/10/21 03:40:50,242.413,55.135
45,1,2022/10/20 12:44:55.204,2022/10/20 12:48:12.183,196.978,6,sen1,sat5,fac0,2022/10/20 12:46:33,280.331,76.445
46,2,2022/10/21 01:46:10.687,2022/10/21 01:49:33.809,203.122,14,sen1,sat5,fac0,2022/10/21 01:47:51,66.885,85.576
47,1,2022/10/20 05:23:53.726,2022/10/20 05:27:00.261,186.536,2,sen1,sat6,fac0,2022/10/20 05:25:26,333.199,76.883
48,2,2022/10/21 00:00:09.280,2022/10/21 00:02:55.974,166.694,13,sen1,sat6,fac0,2022/10/21 00:01:32,202.545,64.439
49,1,2022/10/20 10:13:28.939,2022/10/20 10:16:35.800,186.861,4,sen1,sat7,fac0,2022/10/20 10:15:01,216.715,58.204
50,2,2022/10/20 16:53:40.151,2022/10/20 16:57:36.172,236.021,8,sen1,sat7,fac0,2022/10/20 16:55:38,139.044,76.724
51,1,2022/10/20 11:15:38.211,2022/10/20 11:18:24.502,166.291,5,sen1,sat8,fac0,2022/10/20 11:17:01,247.329,66.318
52,1,2022/10/20 17:31:40.260,2022/10/20 17:36:19.030,278.770,8,sen1,sat9,fac0,2022/10/20 17:33:59,54.166,73.780
53,2,2022/10/21 00:59:32.348,2022/10/21 01:04:22.978,290.630,12,sen1,sat9,fac0,2022/10/21 01:01:57,122.729,81.426
54,1,2022/10/20 11:59:46.762,2022/10/20 12:03:50.002,243.240,5,sen2,sat0,fac0,2022/10/20 12:01:48,10.755,70.459
55,2,2022/10/20 13:49:10.860,2022/10/20 13:53:24.366,253.505,6,sen2,sat0,fac0,2022/10/20 13:51:17,356.056,76.246
56,3,2022/10/20 15:40:23.084,2022/10/20 15:40:39.228,16.143,7,sen2,sat0,fac0,2022/10/20 15:40:31,332.253,45.058
57,1,2022/10/20 19:37:11.038,2022/10/20 19:39:08.276,117.237,10,sen2,sat11,fac0,2022/10/20 19:38:09,358.104,52.664
58,1,2022/10/20 08:41:32.526,2022/10/20 08:44:02.555,150.029,4,sen2,sat14,fac0,2022/10/20 08:42:47,23.600,69.303
59,2,2022/10/20 10:15:55.416,2022/10/20 10:17:34.547,99.130,5,sen2,sat14,fac0,2022/10/20 10:16:44,193.835,52.058
60,3,2022/10/20 13:22:53.734,2022/10/20 13:25:27.774,154.039,7,sen2,sat14,fac0,2022/10/20 13:24:10,162.428,72.846
61,1,2022/10/20 09:26:53.097,2022/10/20 09:31:28.158,275.061,4,sen2,sat19,fac0,2022/10/20 09:29:10,66.350,78.117
62,2,2022/10/20 18:41:32.846,2022/10/20 18:45:07.551,214.705,9,sen2,sat19,fac0,2022/10/20 18:43:19,295.059,58.071
63,1,2022/10/20 23:17:04.170,2022/10/20 23:20:27.169,202.999,12,sen2,sat2,fac0,2022/10/20 23:18:45,9.840,58.643
64,2,2022/10/21 01:06:28.308,2022/10/21 01:09:56.753,208.445,13,sen2,sat2,fac0,2022/10/21 01:08:12,347.010,59.725
65,1,2022/10/20 11:34:48.514,2022/10/20 11:36:04.367,75.854,5,sen2,sat20,fac0,2022/10/20 11:35:26,38.521,47.007
66,2,2022/10/20 13:19:05.228,2022/10/20 13:22:37.682,212.455,6,sen2,sat20,fac0,2022/10/20 13:20:51,190.085,75.398
67,3,2022/10/20 15:05:17.029,2022/10/20 15:08:22.773,185.744,7,sen2,sat20,fac0,2022/10/20 15:06:49,177.680,62.281
68,4,2022/10/20 16:50:49.503,2022/10/20 16:54:25.796,216.292,8,sen2,sat20,fac0,2022/10/20 16:52:37,336.827,80.334
69,1,2022/10/20 22:09:37.815,2022/10/20 22:12:34.468,176.653,11,sen2,sat22,fac0,2022/10/20 22:11:05,272.964,61.818
70,1,2022/10/20 12:11:52.628,2022/10/20 12:16:09.284,256.656,5,sen2,sat29,fac0,2022/10/20 12:14:00,114.361,74.985
71,2,2022/10/21 03:39:16.676,2022/10/21 03:42:24.225,187.549,14,sen2,sat29,fac0,2022/10/21 03:40:50,242.413,55.135
72,1,2022/10/20 12:44:55.204,2022/10/20 12:48:12.183,196.978,6,sen2,sat5,fac0,2022/10/20 12:46:33,280.331,76.445
73,2,2022/10/21 01:46:10.687,2022/10/21 01:49:33.809,203.122,14,sen2,sat5,fac0,2022/10/21 01:47:51,66.885,85.576
74,1,2022/10/20 05:23:53.726,2022/10/20 05:27:00.261,186.536,2,sen2,sat6,fac0,2022/10/20 05:25:26,333.199,76.883
75,2,2022/10/21 00:00:09.280,2022/10/21 00:02:55.974,166.694,13,sen2,sat6,fac0,2022/10/21 00:01:32,202.545,64.439
76,1,2022/10/20 10:13:28.939,2022/10/20 10:16:35.800,186.861,4,sen2,sat7,fac0,2022/10/20 10:15:01,216.715,58.204
77,2,2022/10/20 16:53:40.151,2022/10/20 16:57:36.172,236.021,8,sen2,sat7,fac0,2022/10/20 16:55:38,139.044,76.724
78,1,2022/10/20 11:15:38.211,2022/10/20 11:18:24.502,166.291,5,sen2,sat8,fac0,2022/10/20 11:17:01,247.329,66.318
79,1,2022/10/20 17:31:40.260,2022/10/20 17:36:19.030,278.770,8,sen2,sat9,fac0,2022/10/20 17:33:59,54.166,73.780
80,2,2022/10/21 00:59:32.348,2022/10/21 01:04:22.978,290.630,12,sen2,sat9,fac0,2022/10/21 01:01:57,122.729,81.426
81,1,2022/10/20 11:59:46.762,2022/10/20 12:03:50.002,243.240,5,sen3,sat0,fac0,2022/10/20 12:01:48,10.755,70.459
82,2,2022/10/20 13:49:10.860,2022/10/20 13:53:24.366,253.505,6,sen3,sat0,fac0,2022/10/20 13:51:17,356.056,76.246
83,3,2022/10/20 15:40:23.084,2022/10/20 15:40:39.228,16.143,7,sen3,sat0,fac0,2022/10/20 15:40:31,332.253,45.058
84,1,2022/10/20 19:37:11.038,2022/10/20 19:39:08.276,117.237,10,sen3,sat11,fac0,2022/10/20 19:38:09,358.104,52.664
85,1,2022/10/20 08:41:32.526,2022/10/20 08:44:02.555,150.029,4,sen3,sat14,fac0,2022/10/20 08:42:47,23.600,69.303
86,2,2022/10/20 10:15:55.416,2022/10/20 10:17:34.547,99.130,5,sen3,sat14,fac0,2022/10/20 10:16:44,193.835,52.058
87,3,2022/10/20 13:22:53.734,2022/10/20 13:25:27.774,154.039,7,sen3,sat14,fac0,2022/10/20 13:24:10,162.428,72.846
88,1,2022/10/20 09:26:53.097,2022/10/20 09:31:28.158,275.061,4,sen3,sat19,fac0,2022/10/20 09:29:10,66.350,78.117
89,2,2022/10/20 18:41:32.846,2022/10/20 18:45:07.551,214.705,9,sen3,sat19,fac0,2022/10/20 18:43:19,295.059,58.071
90,1,2022/10/20 23:17:04.170,2022/10/20 23:20:27.169,202.999,12,sen3,sat2,fac0,2022/10/20 23:18:45,9.840,58.643
91,2,2022/10/21 01:06:28.308,2022/10/21 01:09:56.753,208.445,13,sen3,sat2,fac0,2022/10/21 01:08:12,347.010,59.725
92,1,2022/10/20 11:34:48.514,2022/10/20 11:36:04.367,75.854,5,sen3,sat20,fac0,2022/10/20 11:35:26,38.521,47.007
93,2,2022/10/20 13:19:05.228,2022/10/20 13:22:37.682,212.455,6,sen3,sat20,fac0,2022/10/20 13:20:51,190.085,75.398
94,3,2022/10/20 15:05:17.029,2022/10/20 15:08:22.773,185.744,7,sen3,sat20,fac0,2022/10/20 15:06:49,177.680,62.281
95,4,2022/10/20 16:50:49.503,2022/10/20 16:54:25.796,216.292,8,sen3,sat20,fac0,2022/10/20 16:52:37,336.827,80.334
96,1,2022/10/20 22:09:37.815,2022/10/20 22:12:34.468,176.653,11,sen3,sat22,fac0,2022/10/20 22:11:05,272.964,61.818
97,1,2022/10/20 12:11:52.628,2022/10/20 12:16:09.284,256.656,5,sen3,sat29,fac0,2022/10/20 12:14:00,114.361,74.985
98,2,2022/10/21 03:39:16.676,2022/10/21 03:42:24.225,187.549,14,sen3,sat29,fac0,2022/10/21 03:40:50,242.413,55.135
99,1,2022/10/20 12:44:55.204,2022/10/20 12:48:12.183,196.978,6,sen3,sat5,fac0,2022/10/20 12:46:33,280.331,76.445
100,2,2022/10/21 01:46:10.687,2022/10/21 01:49:33.809,203.122,14,sen3,sat5,fac0,2022/10/21 01:47:51,66.885,85.576
101,1,2022/10/20 05:23:53.726,2022/10/20 05:27:00.261,186.536,2,sen3,sat6,fac0,2022/10/20 05:25:26,333.199,76.883
102,2,2022/10/21 00:00:09.280,2022/10/21 00:02:55.974,166.694,13,sen3,sat6,fac0,2022/10/21 00:01:32,202.545,64.439
103,1,2022/10/20 10:13:28.939,2022/10/20 10:16:35.800,186.861,4,sen3,sat7,fac0,2022/10/20 10:15:01,216.715,58.204
104,2,2022/10/20 16:53:40.151,2022/10/20 16:57:36.172,236.021,8,sen3,sat7,fac0,2022/10/20 16:55:38,139.044,76.724
105,1,2022/10/20 11:15:38.211,2022/10/20 11:18:24.502,166.291,5,sen3,sat8,fac0,2022/10/20 11:17:01,247.329,66.318
106,1,2022/10/20 17:31:40.260,2022/10/20 17:36:19.030,278.770,8,sen3,sat9,fac0,2022/10/20 17:33:59,54.166,73.780
107,2,2022/10/21 00:59:32.348,2022/10/21 01:04:22.978,290.630,12,sen3,sat9,fac0,2022/10/21 01:01:57,122.729,81.426
108,1,2022/10/20 11:59:46.762,2022/10/20 12:03:50.002,243.240,5,sen4,sat0,fac0,2022/10/20 12:01:48,10.755,70.459
109,2,2022/10/20 13:49:10.860,2022/10/20 13:53:24.366,253.505,6,sen4,sat0,fac0,2022/10/20 13:51:17,356.056,76.246
110,3,2022/10/20 15:40:23.084,2022/10/20 15:40:39.228,16.143,7,sen4,sat0,fac0,2022/10/20 15:40:31,332.253,45.058
111,1,2022/10/20 19:37:11.038,2022/10/20 19:39:08.276,117.237,10,sen4,sat11,fac0,2022/10/20 19:38:09,358.104,52.664
112,1,2022/10/20 08:41:32.526,2022/10/20 08:44:02.555,150.029,4,sen4,sat14,fac0,2022/10/20 08:42:47,23.600,69.303
113,2,2022/10/20 10:15:55.416,2022/10/20 10:17:34.547,99.130,5,sen4,sat14,fac0,2022/10/20 10:16:44,193.835,52.058
114,3,2022/10/20 13:22:53.734,2022/10/20 13:25:27.774,154.039,7,sen4,sat14,fac0,2022/10/20 13:24:10,162.428,72.846
115,1,2022/10/20 09:26:53.097,2022/10/20 09:31:28.158,275.061,4,sen4,sat19,fac0,2022/10/20 09:29:10,66.350,78.117
116,2,2022/10/20 18:41:32.846,2022/10/20 18:45:07.551,214.705,9,sen4,sat19,fac0,2022/10/20 18:43:19,295.059,58.071
117,1,2022/10/20 23:17:04.170,2022/10/20 23:20:27.169,202.999,12,sen4,sat2,fac0,2022/10/20 23:18:45,9.840,58.643
118,2,2022/10/21 01:06:28.308,2022/10/21 01:09:56.753,208.445,13,sen4,sat2,fac0,2022/10/21 01:08:12,347.010,59.725
119,1,2022/10/20 11:34:48.514,2022/10/20 11:36:04.367,75.854,5,sen4,sat20,fac0,2022/10/20 11:35:26,38.521,47.007
120,2,2022/10/20 13:19:05.228,2022/10/20 13:22:37.682,212.455,6,sen4,sat20,fac0,2022/10/20 13:20:51,190.085,75.398
121,3,2022/10/20 15:05:17.029,2022/10/20 15:08:22.773,185.744,7,sen4,sat20,fac0,2022/10/20 15:06:49,177.680,62.281
122,4,2022/10/20 16:50:49.503,2022/10/20 16:54:25.796,216.292,8,sen4,sat20,fac0,2022/10/20 16:52:37,336.827,80.334
123,1,2022/10/20 22:09:37.815,2022/10/20 22:12:34.468,176.653,11,sen4,sat22,fac0,2022/10/20 22:11:05,272.964,61.818
124,1,2022/10/20 12:11:52.628,2022/10/20 12:16:09.284,256.656,5,sen4,sat29,fac0,2022/10/20 12:14:00,114.361,74.985
125,2,2022/10/21 03:39:16.676,2022/10/21 03:42:24.225,187.549,14,sen4,sat29,fac0,2022/10/21 03:40:50,242.413,55.135
126,1,2022/10/20 12:44:55.204,2022/10/20 12:48:12.183,196.978,6,sen4,sat5,fac0,2022/10/20 12:46:33,280.331,76.445
127,2,2022/10/21 01:46:10.687,2022/10/21 01:49:33.809,203.122,14,sen4,sat5,fac0,2022/10/21 01:47:51,66.885,85.576
128,1,2022/10/20 05:23:53.726,2022/10/20 05:27:00.261,186.536,2,sen4,sat6,fac0,2022/10/20 05:25:26,333.199,76.883
129,2,2022/10/21 00:00:09.280,2022/10/21 00:02:55.974,166.694,13,sen4,sat6,fac0,2022/10/21 00:01:32,202.545,64.439
130,1,2022/10/20 10:13:28.939,2022/10/20 10:16:35.800,186.861,4,sen4,sat7,fac0,2022/10/20 10:15:01,216.715,58.204
131,2,2022/10/20 16:53:40.151,2022/10/20 16:57:36.172,236.021,8,sen4,sat7,fac0,2022/10/20 16:55:38,139.044,76.724
132,1,2022/10/20 11:15:38.211,2022/10/20 11:18:24.502,166.291,5,sen4,sat8,fac0,2022/10/20 11:17:01,247.329,66.318
133,1,2022/10/20 17:31:40.260,2022/10/20 17:36:19.030,278.770,8,sen4,sat9,fac0,2022/10/20 17:33:59,54.166,73.780
134,2,2022/10/21 00:59:32.348,2022/10/21 01:04:22.978,290.630,12,sen4,sat9,fac0,2022/10/21 01:01:57,122.729,81.426
135,1,2022/10/20 18:25:56.583,2022/10/20 18:29:04.332,187.750,9,sen10,sat1,fac0,2022/10/20 18:27:30,17.315,55.296
136,2,2022/10/20 20:17:20.767,2022/10/20 20:21:40.645,259.878,10,sen10,sat1,fac0,2022/10/20 20:19:30,192.610,76.840
137,3,2022/10/20 22:10:02.804,2022/10/20 22:13:34.578,211.774,11,sen10,sat1,fac0,2022/10/20 22:11:48,178.224,59.250
138,4,2022/10/21 00:02:00.038,2022/10/21 00:06:15.321,255.282,12,sen10,sat1,fac0,2022/10/21 00:04:07,166.303,73.712
139,5,2022/10/21 01:54:23.260,2022/10/21 01:57:56.195,212.935,13,sen10,sat1,fac0,2022/10/21 01:56:09,342.947,59.743
140,1,2022/10/20 09:22:49.516,2022/10/20 09:23:21.821,32.304,4,sen10,sat11,fac0,2022/10/20 09:23:05,145.497,45.473
141,2,2022/10/21 00:53:29.022,2022/10/21 00:55:26.933,117.912,13,sen10,sat11,fac0,2022/10/21 00:54:27,218.178,53.103
142,1,2022/10/20 04:22:37.167,2022/10/20 04:27:07.254,270.087,1,sen10,sat13,fac0,2022/10/20 04:24:52,357.488,86.895
143,2,2022/10/20 19:32:30.554,2022/10/20 19:36:47.216,256.663,10,sen10,sat13,fac0,2022/10/20 19:34:38,216.078,73.119
144,1,2022/10/21 02:11:27.963,2022/10/21 02:14:07.964,160.001,15,sen10,sat14,fac0,2022/10/21 02:12:47,33.409,89.401
145,1,2022/10/20 07:44:46.365,2022/10/20 07:48:45.299,238.934,3,sen10,sat15,fac0,2022/10/20 07:46:45,198.165,76.119
146,2,2022/10/20 13:16:25.102,2022/10/20 13:20:14.202,229.100,6,sen10,sat15,fac0,2022/10/20 13:18:19,168.216,69.998
147,3,2022/10/20 15:07:59.956,2022/10/20 15:08:39.986,40.030,7,sen10,sat15,fac0,2022/10/20 15:08:19,333.812,45.423
148,1,2022/10/20 05:40:06.669,2022/10/20 05:40:46.091,39.422,2,sen10,sat18,fac0,2022/10/20 05:40:26,7.534,45.580
149,2,2022/10/20 07:26:10.000,2022/10/20 07:28:46.104,156.104,3,sen10,sat18,fac0,2022/10/20 07:27:28,2.806,57.414
150,3,2022/10/20 09:13:31.334,2022/10/20 09:15:29.674,118.340,4,sen10,sat18,fac0,2022/10/20 09:14:30,354.684,51.078
151,1,2022/10/20 04:39:31.929,2022/10/20 04:42:35.823,183.894,1,sen10,sat19,fac0,2022/10/20 04:41:03,111.964,53.639
152,2,2022/10/20 18:09:04.036,2022/10/20 18:13:32.162,268.125,9,sen10,sat19,fac0,2022/10/20 18:11:18,256.588,74.684
153,1,2022/10/20 05:39:13.451,2022/10/20 05:42:29.205,195.754,2,sen10,sat2,fac0,2022/10/20 05:40:51,222.104,57.360
154,2,2022/10/20 14:57:16.318,2022/10/20 15:01:22.621,246.303,7,sen10,sat2,fac0,2022/10/20 14:59:19,308.058,73.153
155,1,2022/10/20 05:15:35.595,2022/10/20 05:19:01.914,206.319,1,sen10,sat20,fac0,2022/10/20 05:17:18,133.268,73.077
156,1,2022/10/20 22:31:22.824,2022/10/20 22:32:03.205,40.381,12,sen10,sat21,fac0,2022/10/20 22:31:42,359.263,45.635
157,1,2022/10/20 19:56:30.574,2022/10/20 19:59:54.365,203.791,10,sen10,sat22,fac0,2022/10/20 19:58:12,82.946,76.927
158,1,2022/10/20 06:54:03.981,2022/10/20 06:56:46.853,162.871,2,sen10,sat24,fac0,2022/10/20 06:55:24,45.708,86.060
159,2,2022/10/20 13:04:12.404,2022/10/20 13:05:37.036,84.632,6,sen10,sat24,fac0,2022/10/20 13:04:54,161.763,49.777
160,3,2022/10/20 14:36:29.552,2022/10/20 14:38:34.637,125.085,7,sen10,sat24,fac0,2022/10/20 14:37:31,340.362,57.888
161,1,2022/10/20 07:14:54.910,2022/10/20 07:19:00.399,245.489,2,sen10,sat25,fac0,2022/10/20 07:16:57,147.634,63.917
162,2,2022/10/20 22:34:17.536,2022/10/20 22:38:55.038,277.502,11,sen10,sat25,fac0,2022/10/20 22:36:36,40.344,78.221
163,1,2022/10/20 07:58:26.438,2022/10/20 08:01:04.953,158.516,3,sen10,sat26,fac0,2022/10/20 07:59:45,204.374,62.084
164,2,2022/10/20 15:50:26.694,2022/10/20 15:53:21.034,174.340,8,sen10,sat26,fac0,2022/10/20 15:51:53,328.763,69.283
165,1,2022/10/20 07:28:11.263,2022/10/20 07:31:01.364,170.100,3,sen10,sat27,fac0,2022/10/20 07:29:36,208.505,57.031
166,2,2022/10/20 14:44:36.205,2022/10/20 14:46:03.551,87.346,7,sen10,sat27,fac0,2022/10/20 14:45:19,151.437,47.457
167,1,2022/10/20 07:29:11.544,2022/10/20 07:34:11.917,300.374,3,sen10,sat28,fac0,2022/10/20 07:31:41,216.657,79.755
168,2,2022/10/20 15:13:08.151,2022/10/20 15:16:17.154,189.003,7,sen10,sat28,fac0,2022/10/20 15:14:42,150.452,52.385
169,1,2022/10/20 11:40:06.181,2022/10/20 11:44:26.536,260.356,5,sen10,sat29,fac0,2022/10/20 11:42:16,77.027,81.311
170,2,2022/10/20 22:53:48.285,2022/10/20 22:58:04.849,256.564,11,sen10,sat29,fac0,2022/10/20 22:55:56,101.283,77.266
171,1,2022/10/20 20:13:38.208,2022/10/20 20:17:19.649,221.442,11,sen10,sat3,fac0,2022/10/20 20:15:28,205.342,80.762
172,2,2022/10/21 03:27:41.732,2022/10/21 03:31:15.500,213.769,15,sen10,sat3,fac0,2022/10/21 03:29:28,338.535,73.808
173,1,2022/10/20 12:26:00.830,2022/10/20 12:28:33.644,152.814,6,sen10,sat4,fac0,2022/10/20 12:27:16,224.624,76.238
174,2,2022/10/20 21:38:09.341,2022/10/20 21:40:46.926,157.585,12,sen10,sat4,fac0,2022/10/20 21:39:27,312.127,86.278
175,1,2022/10/20 22:56:59.838,2022/10/20 22:59:35.015,155.177,12,sen10,sat5,fac0,2022/10/20 22:58:17,274.673,58.336
176,1,2022/10/20 16:54:49.798,2022/10/20 16:57:33.091,163.294,9,sen10,sat6,fac0,2022/10/20 16:56:11,125.344,63.959
177,1,2022/10/20 04:30:50.787,2022/10/20 04:34:50.820,240.032,1,sen10,sat7,fac0,2022/10/20 04:32:50,302.490,84.643
178,2,2022/10/20 17:23:34.650,2022/10/20 17:27:24.924,230.274,8,sen10,sat7,fac0,2022/10/20 17:25:29,54.668,74.051
179,1,2022/10/20 12:41:21.183,2022/10/20 12:46:08.425,287.242,5,sen10,sat9,fac0,2022/10/20 12:43:44,283.080,81.715
180,2,2022/10/21 02:18:43.597,2022/10/21 02:21:14.615,151.018,13,sen10,sat9,fac0,2022/10/21 02:19:58,241.643,49.895
181,1,2022/10/20 18:25:56.583,2022/10/20 18:29:04.332,187.750,9,sen5,sat1,fac0,2022/10/20 18:27:30,17.315,55.296
182,2,2022/10/20 20:17:20.767,2022/10/20 20:21:40.645,259.878,10,sen5,sat1,fac1,2022/10/20 20:19:30,192.610,76.840
183,3,2022/10/20 22:10:02.804,2022/10/20 22:13:34.578,211.774,11,sen5,sat1,fac1,2022/10/20 22:11:48,178.224,59.250
184,4,2022/10/21 00:02:00.038,2022/10/21 00:06:15.321,255.282,12,sen5,sat1,fac1,2022/10/21 00:04:07,166.303,73.712
185,5,2022/10/21 01:54:23.260,2022/10/21 01:57:56.195,212.935,13,sen5,sat1,fac1,2022/10/21 01:56:09,342.947,59.743
186,1,2022/10/20 09:22:49.516,2022/10/20 09:23:21.821,32.304,4,sen5,sat11,fac1,2022/10/20 09:23:05,145.497,45.473
187,2,2022/10/21 00:53:29.022,2022/10/21 00:55:26.933,117.912,13,sen5,sat11,fac1,2022/10/21 00:54:27,218.178,53.103
188,1,2022/10/20 04:22:37.167,2022/10/20 04:27:07.254,270.087,1,sen5,sat13,fac1,2022/10/20 04:24:52,357.488,86.895
189,2,2022/10/20 19:32:30.554,2022/10/20 19:36:47.216,256.663,10,sen5,sat13,fac1,2022/10/20 19:34:38,216.078,73.119
190,1,2022/10/21 02:11:27.963,2022/10/21 02:14:07.964,160.001,15,sen5,sat14,fac1,2022/10/21 02:12:47,33.409,89.401
191,1,2022/10/20 07:44:46.365,2022/10/20 07:48:45.299,238.934,3,sen5,sat15,fac1,2022/10/20 07:46:45,198.165,76.119
192,2,2022/10/20 13:16:25.102,2022/10/20 13:20:14.202,229.100,6,sen5,sat15,fac1,2022/10/20 13:18:19,168.216,69.998
193,3,2022/10/20 15:07:59.956,2022/10/20 15:08:39.986,40.030,7,sen5,sat15,fac1,2022/10/20 15:08:19,333.812,45.423
194,1,2022/10/20 05:40:06.669,2022/10/20 05:40:46.091,39.422,2,sen5,sat18,fac1,2022/10/20 05:40:26,7.534,45.580
195,2,2022/10/20 07:26:10.000,2022/10/20 07:28:46.104,156.104,3,sen5,sat18,fac1,2022/10/20 07:27:28,2.806,57.414
196,3,2022/10/20 09:13:31.334,2022/10/20 09:15:29.674,118.340,4,sen5,sat18,fac1,2022/10/20 09:14:30,354.684,51.078
197,1,2022/10/20 04:39:31.929,2022/10/20 04:42:35.823,183.894,1,sen5,sat19,fac1,2022/10/20 04:41:03,111.964,53.639
198,2,2022/10/20 18:09:04.036,2022/10/20 18:13:32.162,268.125,9,sen5,sat19,fac1,2022/10/20 18:11:18,256.588,74.684
199,1,2022/10/20 05:39:13.451,2022/10/20 05:42:29.205,195.754,2,sen5,sat2,fac1,2022/10/20 05:40:51,222.104,57.360
200,2,2022/10/20 14:57:16.318,2022/10/20 15:01:22.621,246.303,7,sen5,sat2,fac1,2022/10/20 14:59:19,308.058,73.153
201,1,2022/10/20 05:15:35.595,2022/10/20 05:19:01.914,206.319,1,sen5,sat20,fac1,2022/10/20 05:17:18,133.268,73.077
202,1,2022/10/20 22:31:22.824,2022/10/20 22:32:03.205,40.381,12,sen5,sat21,fac1,2022/10/20 22:31:42,359.263,45.635
203,1,2022/10/20 19:56:30.574,2022/10/20 19:59:54.365,203.791,10,sen5,sat22,fac1,2022/10/20 19:58:12,82.946,76.927
204,1,2022/10/20 06:54:03.981,2022/10/20 06:56:46.853,162.871,2,sen5,sat24,fac1,2022/10/20 06:55:24,45.708,86.060
205,2,2022/10/20 13:04:12.404,2022/10/20 13:05:37.036,84.632,6,sen5,sat24,fac1,2022/10/20 13:04:54,161.763,49.777
206,3,2022/10/20 14:36:29.552,2022/10/20 14:38:34.637,125.085,7,sen5,sat24,fac1,2022/10/20 14:37:31,340.362,57.888
207,1,2022/10/20 07:14:54.910,2022/10/20 07:19:00.399,245.489,2,sen5,sat25,fac1,2022/10/20 07:16:57,147.634,63.917
208,2,2022/10/20 22:34:17.536,2022/10/20 22:38:55.038,277.502,11,sen5,sat25,fac1,2022/10/20 22:36:36,40.344,78.221
209,1,2022/10/20 07:58:26.438,2022/10/20 08:01:04.953,158.516,3,sen5,sat26,fac1,2022/10/20 07:59:45,204.374,62.084
210,2,2022/10/20 15:50:26.694,2022/10/20 15:53:21.034,174.340,8,sen5,sat26,fac1,2022/10/20 15:51:53,328.763,69.283
211,1,2022/10/20 07:28:11.263,2022/10/20 07:31:01.364,170.100,3,sen5,sat27,fac1,2022/10/20 07:29:36,208.505,57.031
212,2,2022/10/20 14:44:36.205,2022/10/20 14:46:03.551,87.346,7,sen5,sat27,fac1,2022/10/20 14:45:19,151.437,47.457
213,1,2022/10/20 07:29:11.544,2022/10/20 07:34:11.917,300.374,3,sen5,sat28,fac1,2022/10/20 07:31:41,216.657,79.755
214,2,2022/10/20 15:13:08.151,2022/10/20 15:16:17.154,189.003,7,sen5,sat28,fac1,2022/10/20 15:14:42,150.452,52.385
215,1,2022/10/20 11:40:06.181,2022/10/20 11:44:26.536,260.356,5,sen5,sat29,fac1,2022/10/20 11:42:16,77.027,81.311
216,2,2022/10/20 22:53:48.285,2022/10/20 22:58:04.849,256.564,11,sen5,sat29,fac1,2022/10/20 22:55:56,101.283,77.266
217,1,2022/10/20 20:13:38.208,2022/10/20 20:17:19.649,221.442,11,sen5,sat3,fac1,2022/10/20 20:15:28,205.342,80.762
218,2,2022/10/21 03:27:41.732,2022/10/21 03:31:15.500,213.769,15,sen5,sat3,fac1,2022/10/21 03:29:28,338.535,73.808
219,1,2022/10/20 12:26:00.830,2022/10/20 12:28:33.644,152.814,6,sen5,sat4,fac1,2022/10/20 12:27:16,224.624,76.238
220,2,2022/10/20 21:38:09.341,2022/10/20 21:40:46.926,157.585,12,sen5,sat4,fac1,2022/10/20 21:39:27,312.127,86.278
221,1,2022/10/20 22:56:59.838,2022/10/20 22:59:35.015,155.177,12,sen5,sat5,fac1,2022/10/20 22:58:17,274.673,58.336
222,1,2022/10/20 16:54:49.798,2022/10/20 16:57:33.091,163.294,9,sen5,sat6,fac1,2022/10/20 16:56:11,125.344,63.959
223,1,2022/10/20 04:30:50.787,2022/10/20 04:34:50.820,240.032,1,sen5,sat7,fac1,2022/10/20 04:32:50,302.490,84.643
224,2,2022/10/20 17:23:34.650,2022/10/20 17:27:24.924,230.274,8,sen5,sat7,fac1,2022/10/20 17:25:29,54.668,74.051
225,1,2022/10/20 12:41:21.183,2022/10/20 12:46:08.425,287.242,5,sen5,sat9,fac1,2022/10/20 12:43:44,283.080,81.715
226,2,2022/10/21 02:18:43.597,2022/10/21 02:21:14.615,151.018,13,sen5,sat9,fac1,2022/10/21 02:19:58,241.643,49.895
227,1,2022/10/20 18:25:56.583,2022/10/20 18:29:04.332,187.750,9,sen6,sat1,fac1,2022/10/20 18:27:30,17.315,55.296
228,2,2022/10/20 20:17:20.767,2022/10/20 20:21:40.645,259.878,10,sen6,sat1,fac1,2022/10/20 20:19:30,192.610,76.840
229,3,2022/10/20 22:10:02.804,2022/10/20 22:13:34.578,211.774,11,sen6,sat1,fac1,2022/10/20 22:11:48,178.224,59.250
230,4,2022/10/21 00:02:00.038,2022/10/21 00:06:15.321,255.282,12,sen6,sat1,fac1,2022/10/21 00:04:07,166.303,73.712
231,5,2022/10/21 01:54:23.260,2022/10/21 01:57:56.195,212.935,13,sen6,sat1,fac1,2022/10/21 01:56:09,342.947,59.743
232,1,2022/10/20 09:22:49.516,2022/10/20 09:23:21.821,32.304,4,sen6,sat11,fac1,2022/10/20 09:23:05,145.497,45.473
233,2,2022/10/21 00:53:29.022,2022/10/21 00:55:26.933,117.912,13,sen6,sat11,fac1,2022/10/21 00:54:27,218.178,53.103
234,1,2022/10/20 04:22:37.167,2022/10/20 04:27:07.254,270.087,1,sen6,sat13,fac1,2022/10/20 04:24:52,357.488,86.895
235,2,2022/10/20 19:32:30.554,2022/10/20 19:36:47.216,256.663,10,sen6,sat13,fac1,2022/10/20 19:34:38,216.078,73.119
236,1,2022/10/21 02:11:27.963,2022/10/21 02:14:07.964,160.001,15,sen6,sat14,fac1,2022/10/21 02:12:47,33.409,89.401
237,1,2022/10/20 07:44:46.365,2022/10/20 07:48:45.299,238.934,3,sen6,sat15,fac1,2022/10/20 07:46:45,198.165,76.119
238,2,2022/10/20 13:16:25.102,2022/10/20 13:20:14.202,229.100,6,sen6,sat15,fac1,2022/10/20 13:18:19,168.216,69.998
239,3,2022/10/20 15:07:59.956,2022/10/20 15:08:39.986,40.030,7,sen6,sat15,fac1,2022/10/20 15:08:19,333.812,45.423
240,1,2022/10/20 05:40:06.669,2022/10/20 05:40:46.091,39.422,2,sen6,sat18,fac1,2022/10/20 05:40:26,7.534,45.580
241,2,2022/10/20 07:26:10.000,2022/10/20 07:28:46.104,156.104,3,sen6,sat18,fac1,2022/10/20 07:27:28,2.806,57.414
242,3,2022/10/20 09:13:31.334,2022/10/20 09:15:29.674,118.340,4,sen6,sat18,fac1,2022/10/20 09:14:30,354.684,51.078
243,1,2022/10/20 04:39:31.929,2022/10/20 04:42:35.823,183.894,1,sen6,sat19,fac1,2022/10/20 04:41:03,111.964,53.639
244,2,2022/10/20 18:09:04.036,2022/10/20 18:13:32.162,268.125,9,sen6,sat19,fac1,2022/10/20 18:11:18,256.588,74.684
245,1,2022/10/20 05:39:13.451,2022/10/20 05:42:29.205,195.754,2,sen6,sat2,fac1,2022/10/20 05:40:51,222.104,57.360
246,2,2022/10/20 14:57:16.318,2022/10/20 15:01:22.621,246.303,7,sen6,sat2,fac1,2022/10/20 14:59:19,308.058,73.153
247,1,2022/10/20 05:15:35.595,2022/10/20 05:19:01.914,206.319,1,sen6,sat20,fac1,2022/10/20 05:17:18,133.268,73.077
248,1,2022/10/20 22:31:22.824,2022/10/20 22:32:03.205,40.381,12,sen6,sat21,fac1,2022/10/20 22:31:42,359.263,45.635
249,1,2022/10/20 19:56:30.574,2022/10/20 19:59:54.365,203.791,10,sen6,sat22,fac1,2022/10/20 19:58:12,82.946,76.927
250,1,2022/10/20 06:54:03.981,2022/10/20 06:56:46.853,162.871,2,sen6,sat24,fac1,2022/10/20 06:55:24,45.708,86.060
251,2,2022/10/20 13:04:12.404,2022/10/20 13:05:37.036,84.632,6,sen6,sat24,fac1,2022/10/20 13:04:54,161.763,49.777
252,3,2022/10/20 14:36:29.552,2022/10/20 14:38:34.637,125.085,7,sen6,sat24,fac1,2022/10/20 14:37:31,340.362,57.888
253,1,2022/10/20 07:14:54.910,2022/10/20 07:19:00.399,245.489,2,sen6,sat25,fac1,2022/10/20 07:16:57,147.634,63.917
254,2,2022/10/20 22:34:17.536,2022/10/20 22:38:55.038,277.502,11,sen6,sat25,fac1,2022/10/20 22:36:36,40.344,78.221
255,1,2022/10/20 07:58:26.438,2022/10/20 08:01:04.953,158.516,3,sen6,sat26,fac1,2022/10/20 07:59:45,204.374,62.084
256,2,2022/10/20 15:50:26.694,2022/10/20 15:53:21.034,174.340,8,sen6,sat26,fac1,2022/10/20 15:51:53,328.763,69.283
257,1,2022/10/20 07:28:11.263,2022/10/20 07:31:01.364,170.100,3,sen6,sat27,fac1,2022/10/20 07:29:36,208.505,57.031
258,2,2022/10/20 14:44:36.205,2022/10/20 14:46:03.551,87.346,7,sen6,sat27,fac1,2022/10/20 14:45:19,151.437,47.457
259,1,2022/10/20 07:29:11.544,2022/10/20 07:34:11.917,300.374,3,sen6,sat28,fac1,2022/10/20 07:31:41,216.657,79.755
260,2,2022/10/20 15:13:08.151,2022/10/20 15:16:17.154,189.003,7,sen6,sat28,fac1,2022/10/20 15:14:42,150.452,52.385
261,1,2022/10/20 11:40:06.181,2022/10/20 11:44:26.536,260.356,5,sen6,sat29,fac1,2022/10/20 11:42:16,77.027,81.311
262,2,2022/10/20 22:53:48.285,2022/10/20 22:58:04.849,256.564,11,sen6,sat29,fac1,2022/10/20 22:55:56,101.283,77.266
263,1,2022/10/20 20:13:38.208,2022/10/20 20:17:19.649,221.442,11,sen6,sat3,fac1,2022/10/20 20:15:28,205.342,80.762
264,2,2022/10/21 03:27:41.732,2022/10/21 03:31:15.500,213.769,15,sen6,sat3,fac1,2022/10/21 03:29:28,338.535,73.808
265,1,2022/10/20 12:26:00.830,2022/10/20 12:28:33.644,152.814,6,sen6,sat4,fac1,2022/10/20 12:27:16,224.624,76.238
266,2,2022/10/20 21:38:09.341,2022/10/20 21:40:46.926,157.585,12,sen6,sat4,fac1,2022/10/20 21:39:27,312.127,86.278
267,1,2022/10/20 22:56:59.838,2022/10/20 22:59:35.015,155.177,12,sen6,sat5,fac1,2022/10/20 22:58:17,274.673,58.336
268,1,2022/10/20 16:54:49.798,2022/10/20 16:57:33.091,163.294,9,sen6,sat6,fac1,2022/10/20 16:56:11,125.344,63.959
269,1,2022/10/20 04:30:50.787,2022/10/20 04:34:50.820,240.032,1,sen6,sat7,fac1,2022/10/20 04:32:50,302.490,84.643
270,2,2022/10/20 17:23:34.650,2022/10/20 17:27:24.924,230.274,8,sen6,sat7,fac1,2022/10/20 17:25:29,54.668,74.051
271,1,2022/10/20 12:41:21.183,2022/10/20 12:46:08.425,287.242,5,sen6,sat9,fac1,2022/10/20 12:43:44,283.080,81.715
272,2,2022/10/21 02:18:43.597,2022/10/21 02:21:14.615,151.018,13,sen6,sat9,fac1,2022/10/21 02:19:58,241.643,49.895
273,1,2022/10/20 18:25:56.583,2022/10/20 18:29:04.332,187.750,9,sen7,sat1,fac1,2022/10/20 18:27:30,17.315,55.296
274,2,2022/10/20 20:17:20.767,2022/10/20 20:21:40.645,259.878,10,sen7,sat1,fac1,2022/10/20 20:19:30,192.610,76.840
275,3,2022/10/20 22:10:02.804,2022/10/20 22:13:34.578,211.774,11,sen7,sat1,fac1,2022/10/20 22:11:48,178.224,59.250
276,4,2022/10/21 00:02:00.038,2022/10/21 00:06:15.321,255.282,12,sen7,sat1,fac1,2022/10/21 00:04:07,166.303,73.712
277,5,2022/10/21 01:54:23.260,2022/10/21 01:57:56.195,212.935,13,sen7,sat1,fac1,2022/10/21 01:56:09,342.947,59.743
278,1,2022/10/20 09:22:49.516,2022/10/20 09:23:21.821,32.304,4,sen7,sat11,fac1,2022/10/20 09:23:05,145.497,45.473
279,2,2022/10/21 00:53:29.022,2022/10/21 00:55:26.933,117.912,13,sen7,sat11,fac1,2022/10/21 00:54:27,218.178,53.103
280,1,2022/10/20 04:22:37.167,2022/10/20 04:27:07.254,270.087,1,sen7,sat13,fac1,2022/10/20 04:24:52,357.488,86.895
281,2,2022/10/20 19:32:30.554,2022/10/20 19:36:47.216,256.663,10,sen7,sat13,fac1,2022/10/20 19:34:38,216.078,73.119
282,1,2022/10/21 02:11:27.963,2022/10/21 02:14:07.964,160.001,15,sen7,sat14,fac1,2022/10/21 02:12:47,33.409,89.401
283,1,2022/10/20 07:44:46.365,2022/10/20 07:48:45.299,238.934,3,sen7,sat15,fac1,2022/10/20 07:46:45,198.165,76.119
284,2,2022/10/20 13:16:25.102,2022/10/20 13:20:14.202,229.100,6,sen7,sat15,fac1,2022/10/20 13:18:19,168.216,69.998
285,3,2022/10/20 15:07:59.956,2022/10/20 15:08:39.986,40.030,7,sen7,sat15,fac1,2022/10/20 15:08:19,333.812,45.423
286,1,2022/10/20 05:40:06.669,2022/10/20 05:40:46.091,39.422,2,sen7,sat18,fac1,2022/10/20 05:40:26,7.534,45.580
287,2,2022/10/20 07:26:10.000,2022/10/20 07:28:46.104,156.104,3,sen7,sat18,fac1,2022/10/20 07:27:28,2.806,57.414
288,3,2022/10/20 09:13:31.334,2022/10/20 09:15:29.674,118.340,4,sen7,sat18,fac1,2022/10/20 09:14:30,354.684,51.078
289,1,2022/10/20 04:39:31.929,2022/10/20 04:42:35.823,183.894,1,sen7,sat19,fac1,2022/10/20 04:41:03,111.964,53.639
290,2,2022/10/20 18:09:04.036,2022/10/20 18:13:32.162,268.125,9,sen7,sat19,fac1,2022/10/20 18:11:18,256.588,74.684
291,1,2022/10/20 05:39:13.451,2022/10/20 05:42:29.205,195.754,2,sen7,sat2,fac1,2022/10/20 05:40:51,222.104,57.360
292,2,2022/10/20 14:57:16.318,2022/10/20 15:01:22.621,246.303,7,sen7,sat2,fac1,2022/10/20 14:59:19,308.058,73.153
293,1,2022/10/20 05:15:35.595,2022/10/20 05:19:01.914,206.319,1,sen7,sat20,fac1,2022/10/20 05:17:18,133.268,73.077
294,1,2022/10/20 22:31:22.824,2022/10/20 22:32:03.205,40.381,12,sen7,sat21,fac1,2022/10/20 22:31:42,359.263,45.635
295,1,2022/10/20 19:56:30.574,2022/10/20 19:59:54.365,203.791,10,sen7,sat22,fac1,2022/10/20 19:58:12,82.946,76.927
296,1,2022/10/20 06:54:03.981,2022/10/20 06:56:46.853,162.871,2,sen7,sat24,fac1,2022/10/20 06:55:24,45.708,86.060
297,2,2022/10/20 13:04:12.404,2022/10/20 13:05:37.036,84.632,6,sen7,sat24,fac1,2022/10/20 13:04:54,161.763,49.777
298,3,2022/10/20 14:36:29.552,2022/10/20 14:38:34.637,125.085,7,sen7,sat24,fac1,2022/10/20 14:37:31,340.362,57.888
299,1,2022/10/20 07:14:54.910,2022/10/20 07:19:00.399,245.489,2,sen7,sat25,fac1,2022/10/20 07:16:57,147.634,63.917
300,2,2022/10/20 22:34:17.536,2022/10/20 22:38:55.038,277.502,11,sen7,sat25,fac1,2022/10/20 22:36:36,40.344,78.221
301,1,2022/10/20 07:58:26.438,2022/10/20 08:01:04.953,158.516,3,sen7,sat26,fac1,2022/10/20 07:59:45,204.374,62.084
302,2,2022/10/20 15:50:26.694,2022/10/20 15:53:21.034,174.340,8,sen7,sat26,fac1,2022/10/20 15:51:53,328.763,69.283
303,1,2022/10/20 07:28:11.263,2022/10/20 07:31:01.364,170.100,3,sen7,sat27,fac1,2022/10/20 07:29:36,208.505,57.031
304,2,2022/10/20 14:44:36.205,2022/10/20 14:46:03.551,87.346,7,sen7,sat27,fac1,2022/10/20 14:45:19,151.437,47.457
305,1,2022/10/20 07:29:11.544,2022/10/20 07:34:11.917,300.374,3,sen7,sat28,fac1,2022/10/20 07:31:41,216.657,79.755
306,2,2022/10/20 15:13:08.151,2022/10/20 15:16:17.154,189.003,7,sen7,sat28,fac1,2022/10/20 15:14:42,150.452,52.385
307,1,2022/10/20 11:40:06.181,2022/10/20 11:44:26.536,260.356,5,sen7,sat29,fac1,2022/10/20 11:42:16,77.027,81.311
308,2,2022/10/20 22:53:48.285,2022/10/20 22:58:04.849,256.564,11,sen7,sat29,fac1,2022/10/20 22:55:56,101.283,77.266
309,1,2022/10/20 20:13:38.208,2022/10/20 20:17:19.649,221.442,11,sen7,sat3,fac1,2022/10/20 20:15:28,205.342,80.762
310,2,2022/10/21 03:27:41.732,2022/10/21 03:31:15.500,213.769,15,sen7,sat3,fac1,2022/10/21 03:29:28,338.535,73.808
311,1,2022/10/20 12:26:00.830,2022/10/20 12:28:33.644,152.814,6,sen7,sat4,fac1,2022/10/20 12:27:16,224.624,76.238
312,2,2022/10/20 21:38:09.341,2022/10/20 21:40:46.926,157.585,12,sen7,sat4,fac1,2022/10/20 21:39:27,312.127,86.278
313,1,2022/10/20 22:56:59.838,2022/10/20 22:59:35.015,155.177,12,sen7,sat5,fac1,2022/10/20 22:58:17,274.673,58.336
314,1,2022/10/20 16:54:49.798,2022/10/20 16:57:33.091,163.294,9,sen7,sat6,fac1,2022/10/20 16:56:11,125.344,63.959
315,1,2022/10/20 04:30:50.787,2022/10/20 04:34:50.820,240.032,1,sen7,sat7,fac1,2022/10/20 04:32:50,302.490,84.643
316,2,2022/10/20 17:23:34.650,2022/10/20 17:27:24.924,230.274,8,sen7,sat7,fac1,2022/10/20 17:25:29,54.668,74.051
317,1,2022/10/20 12:41:21.183,2022/10/20 12:46:08.425,287.242,5,sen7,sat9,fac1,2022/10/20 12:43:44,283.080,81.715
318,2,2022/10/21 02:18:43.597,2022/10/21 02:21:14.615,151.018,13,sen7,sat9,fac1,2022/10/21 02:19:58,241.643,49.895
319,1,2022/10/20 18:25:56.583,2022/10/20 18:29:04.332,187.750,9,sen8,sat1,fac1,2022/10/20 18:27:30,17.315,55.296
320,2,2022/10/20 20:17:20.767,2022/10/20 20:21:40.645,259.878,10,sen8,sat1,fac1,2022/10/20 20:19:30,192.610,76.840
321,3,2022/10/20 22:10:02.804,2022/10/20 22:13:34.578,211.774,11,sen8,sat1,fac1,2022/10/20 22:11:48,178.224,59.250
322,4,2022/10/21 00:02:00.038,2022/10/21 00:06:15.321,255.282,12,sen8,sat1,fac1,2022/10/21 00:04:07,166.303,73.712
323,5,2022/10/21 01:54:23.260,2022/10/21 01:57:56.195,212.935,13,sen8,sat1,fac1,2022/10/21 01:56:09,342.947,59.743
324,1,2022/10/20 09:22:49.516,2022/10/20 09:23:21.821,32.304,4,sen8,sat11,fac1,2022/10/20 09:23:05,145.497,45.473
325,2,2022/10/21 00:53:29.022,2022/10/21 00:55:26.933,117.912,13,sen8,sat11,fac1,2022/10/21 00:54:27,218.178,53.103
326,1,2022/10/20 04:22:37.167,2022/10/20 04:27:07.254,270.087,1,sen8,sat13,fac1,2022/10/20 04:24:52,357.488,86.895
327,2,2022/10/20 19:32:30.554,2022/10/20 19:36:47.216,256.663,10,sen8,sat13,fac1,2022/10/20 19:34:38,216.078,73.119
328,1,2022/10/21 02:11:27.963,2022/10/21 02:14:07.964,160.001,15,sen8,sat14,fac1,2022/10/21 02:12:47,33.409,89.401
329,1,2022/10/20 07:44:46.365,2022/10/20 07:48:45.299,238.934,3,sen8,sat15,fac1,2022/10/20 07:46:45,198.165,76.119
330,2,2022/10/20 13:16:25.102,2022/10/20 13:20:14.202,229.100,6,sen8,sat15,fac1,2022/10/20 13:18:19,168.216,69.998
331,3,2022/10/20 15:07:59.956,2022/10/20 15:08:39.986,40.030,7,sen8,sat15,fac1,2022/10/20 15:08:19,333.812,45.423
332,1,2022/10/20 05:40:06.669,2022/10/20 05:40:46.091,39.422,2,sen8,sat18,fac1,2022/10/20 05:40:26,7.534,45.580
333,2,2022/10/20 07:26:10.000,2022/10/20 07:28:46.104,156.104,3,sen8,sat18,fac1,2022/10/20 07:27:28,2.806,57.414
334,3,2022/10/20 09:13:31.334,2022/10/20 09:15:29.674,118.340,4,sen8,sat18,fac1,2022/10/20 09:14:30,354.684,51.078
335,1,2022/10/20 04:39:31.929,2022/10/20 04:42:35.823,183.894,1,sen8,sat19,fac1,2022/10/20 04:41:03,111.964,53.639
336,2,2022/10/20 18:09:04.036,2022/10/20 18:13:32.162,268.125,9,sen8,sat19,fac1,2022/10/20 18:11:18,256.588,74.684
337,1,2022/10/20 05:39:13.451,2022/10/20 05:42:29.205,195.754,2,sen8,sat2,fac1,2022/10/20 05:40:51,222.104,57.360
338,2,2022/10/20 14:57:16.318,2022/10/20 15:01:22.621,246.303,7,sen8,sat2,fac1,2022/10/20 14:59:19,308.058,73.153
339,1,2022/10/20 05:15:35.595,2022/10/20 05:19:01.914,206.319,1,sen8,sat20,fac1,2022/10/20 05:17:18,133.268,73.077
340,1,2022/10/20 22:31:22.824,2022/10/20 22:32:03.205,40.381,12,sen8,sat21,fac1,2022/10/20 22:31:42,359.263,45.635
341,1,2022/10/20 19:56:30.574,2022/10/20 19:59:54.365,203.791,10,sen8,sat22,fac1,2022/10/20 19:58:12,82.946,76.927
342,1,2022/10/20 06:54:03.981,2022/10/20 06:56:46.853,162.871,2,sen8,sat24,fac1,2022/10/20 06:55:24,45.708,86.060
343,2,2022/10/20 13:04:12.404,2022/10/20 13:05:37.036,84.632,6,sen8,sat24,fac1,2022/10/20 13:04:54,161.763,49.777
344,3,2022/10/20 14:36:29.552,2022/10/20 14:38:34.637,125.085,7,sen8,sat24,fac1,2022/10/20 14:37:31,340.362,57.888
345,1,2022/10/20 07:14:54.910,2022/10/20 07:19:00.399,245.489,2,sen8,sat25,fac1,2022/10/20 07:16:57,147.634,63.917
346,2,2022/10/20 22:34:17.536,2022/10/20 22:38:55.038,277.502,11,sen8,sat25,fac1,2022/10/20 22:36:36,40.344,78.221
347,1,2022/10/20 07:58:26.438,2022/10/20 08:01:04.953,158.516,3,sen8,sat26,fac1,2022/10/20 07:59:45,204.374,62.084
348,2,2022/10/20 15:50:26.694,2022/10/20 15:53:21.034,174.340,8,sen8,sat26,fac1,2022/10/20 15:51:53,328.763,69.283
349,1,2022/10/20 07:28:11.263,2022/10/20 07:31:01.364,170.100,3,sen8,sat27,fac1,2022/10/20 07:29:36,208.505,57.031
350,2,2022/10/20 14:44:36.205,2022/10/20 14:46:03.551,87.346,7,sen8,sat27,fac1,2022/10/20 14:45:19,151.437,47.457
351,1,2022/10/20 07:29:11.544,2022/10/20 07:34:11.917,300.374,3,sen8,sat28,fac1,2022/10/20 07:31:41,216.657,79.755
352,2,2022/10/20 15:13:08.151,2022/10/20 15:16:17.154,189.003,7,sen8,sat28,fac1,2022/10/20 15:14:42,150.452,52.385
353,1,2022/10/20 11:40:06.181,2022/10/20 11:44:26.536,260.356,5,sen8,sat29,fac1,2022/10/20 11:42:16,77.027,81.311
354,2,2022/10/20 22:53:48.285,2022/10/20 22:58:04.849,256.564,11,sen8,sat29,fac1,2022/10/20 22:55:56,101.283,77.266
355,1,2022/10/20 20:13:38.208,2022/10/20 20:17:19.649,221.442,11,sen8,sat3,fac1,2022/10/20 20:15:28,205.342,80.762
356,2,2022/10/21 03:27:41.732,2022/10/21 03:31:15.500,213.769,15,sen8,sat3,fac1,2022/10/21 03:29:28,338.535,73.808
357,1,2022/10/20 12:26:00.830,2022/10/20 12:28:33.644,152.814,6,sen8,sat4,fac1,2022/10/20 12:27:16,224.624,76.238
358,2,2022/10/20 21:38:09.341,2022/10/20 21:40:46.926,157.585,12,sen8,sat4,fac1,2022/10/20 21:39:27,312.127,86.278
359,1,2022/10/20 22:56:59.838,2022/10/20 22:59:35.015,155.177,12,sen8,sat5,fac1,2022/10/20 22:58:17,274.673,58.336
360,1,2022/10/20 16:54:49.798,2022/10/20 16:57:33.091,163.294,9,sen8,sat6,fac1,2022/10/20 16:56:11,125.344,63.959
361,1,2022/10/20 04:30:50.787,2022/10/20 04:34:50.820,240.032,1,sen8,sat7,fac1,2022/10/20 04:32:50,302.490,84.643
362,2,2022/10/20 17:23:34.650,2022/10/20 17:27:24.924,230.274,8,sen8,sat7,fac1,2022/10/20 17:25:29,54.668,74.051
363,1,2022/10/20 12:41:21.183,2022/10/20 12:46:08.425,287.242,5,sen8,sat9,fac1,2022/10/20 12:43:44,283.080,81.715
364,2,2022/10/21 02:18:43.597,2022/10/21 02:21:14.615,151.018,13,sen8,sat9,fac1,2022/10/21 02:19:58,241.643,49.895
365,1,2022/10/20 18:25:56.583,2022/10/20 18:29:04.332,187.750,9,sen9,sat1,fac1,2022/10/20 18:27:30,17.315,55.296
366,2,2022/10/20 20:17:20.767,2022/10/20 20:21:40.645,259.878,10,sen9,sat1,fac1,2022/10/20 20:19:30,192.610,76.840
367,3,2022/10/20 22:10:02.804,2022/10/20 22:13:34.578,211.774,11,sen9,sat1,fac1,2022/10/20 22:11:48,178.224,59.250
368,4,2022/10/21 00:02:00.038,2022/10/21 00:06:15.321,255.282,12,sen9,sat1,fac1,2022/10/21 00:04:07,166.303,73.712
369,5,2022/10/21 01:54:23.260,2022/10/21 01:57:56.195,212.935,13,sen9,sat1,fac1,2022/10/21 01:56:09,342.947,59.743
370,1,2022/10/20 09:22:49.516,2022/10/20 09:23:21.821,32.304,4,sen9,sat11,fac1,2022/10/20 09:23:05,145.497,45.473
371,2,2022/10/21 00:53:29.022,2022/10/21 00:55:26.933,117.912,13,sen9,sat11,fac1,2022/10/21 00:54:27,218.178,53.103
372,1,2022/10/20 04:22:37.167,2022/10/20 04:27:07.254,270.087,1,sen9,sat13,fac1,2022/10/20 04:24:52,357.488,86.895
373,2,2022/10/20 19:32:30.554,2022/10/20 19:36:47.216,256.663,10,sen9,sat13,fac1,2022/10/20 19:34:38,216.078,73.119
374,1,2022/10/21 02:11:27.963,2022/10/21 02:14:07.964,160.001,15,sen9,sat14,fac1,2022/10/21 02:12:47,33.409,89.401
375,1,2022/10/20 07:44:46.365,2022/10/20 07:48:45.299,238.934,3,sen9,sat15,fac1,2022/10/20 07:46:45,198.165,76.119
376,2,2022/10/20 13:16:25.102,2022/10/20 13:20:14.202,229.100,6,sen9,sat15,fac1,2022/10/20 13:18:19,168.216,69.998
377,3,2022/10/20 15:07:59.956,2022/10/20 15:08:39.986,40.030,7,sen9,sat15,fac1,2022/10/20 15:08:19,333.812,45.423
378,1,2022/10/20 05:40:06.669,2022/10/20 05:40:46.091,39.422,2,sen9,sat18,fac1,2022/10/20 05:40:26,7.534,45.580
379,2,2022/10/20 07:26:10.000,2022/10/20 07:28:46.104,156.104,3,sen9,sat18,fac1,2022/10/20 07:27:28,2.806,57.414
380,3,2022/10/20 09:13:31.334,2022/10/20 09:15:29.674,118.340,4,sen9,sat18,fac1,2022/10/20 09:14:30,354.684,51.078
381,1,2022/10/20 04:39:31.929,2022/10/20 04:42:35.823,183.894,1,sen9,sat19,fac1,2022/10/20 04:41:03,111.964,53.639
382,2,2022/10/20 18:09:04.036,2022/10/20 18:13:32.162,268.125,9,sen9,sat19,fac1,2022/10/20 18:11:18,256.588,74.684
383,1,2022/10/20 05:39:13.451,2022/10/20 05:42:29.205,195.754,2,sen9,sat2,fac1,2022/10/20 05:40:51,222.104,57.360
384,2,2022/10/20 14:57:16.318,2022/10/20 15:01:22.621,246.303,7,sen9,sat2,fac1,2022/10/20 14:59:19,308.058,73.153
385,1,2022/10/20 05:15:35.595,2022/10/20 05:19:01.914,206.319,1,sen9,sat20,fac1,2022/10/20 05:17:18,133.268,73.077
386,1,2022/10/20 22:31:22.824,2022/10/20 22:32:03.205,40.381,12,sen9,sat21,fac1,2022/10/20 22:31:42,359.263,45.635
387,1,2022/10/20 19:56:30.574,2022/10/20 19:59:54.365,203.791,10,sen9,sat22,fac1,2022/10/20 19:58:12,82.946,76.927
388,1,2022/10/20 06:54:03.981,2022/10/20 06:56:46.853,162.871,2,sen9,sat24,fac1,2022/10/20 06:55:24,45.708,86.060
389,2,2022/10/20 13:04:12.404,2022/10/20 13:05:37.036,84.632,6,sen9,sat24,fac1,2022/10/20 13:04:54,161.763,49.777
390,3,2022/10/20 14:36:29.552,2022/10/20 14:38:34.637,125.085,7,sen9,sat24,fac1,2022/10/20 14:37:31,340.362,57.888
391,1,2022/10/20 07:14:54.910,2022/10/20 07:19:00.399,245.489,2,sen9,sat25,fac1,2022/10/20 07:16:57,147.634,63.917
392,2,2022/10/20 22:34:17.536,2022/10/20 22:38:55.038,277.502,11,sen9,sat25,fac1,2022/10/20 22:36:36,40.344,78.221
393,1,2022/10/20 07:58:26.438,2022/10/20 08:01:04.953,158.516,3,sen9,sat26,fac1,2022/10/20 07:59:45,204.374,62.084
394,2,2022/10/20 15:50:26.694,2022/10/20 15:53:21.034,174.340,8,sen9,sat26,fac1,2022/10/20 15:51:53,328.763,69.283
395,1,2022/10/20 07:28:11.263,2022/10/20 07:31:01.364,170.100,3,sen9,sat27,fac1,2022/10/20 07:29:36,208.505,57.031
396,2,2022/10/20 14:44:36.205,2022/10/20 14:46:03.551,87.346,7,sen9,sat27,fac1,2022/10/20 14:45:19,151.437,47.457
397,1,2022/10/20 07:29:11.544,2022/10/20 07:34:11.917,300.374,3,sen9,sat28,fac1,2022/10/20 07:31:41,216.657,79.755
398,2,2022/10/20 15:13:08.151,2022/10/20 15:16:17.154,189.003,7,sen9,sat28,fac1,2022/10/20 15:14:42,150.452,52.385
399,1,2022/10/20 11:40:06.181,2022/10/20 11:44:26.536,260.356,5,sen9,sat29,fac1,2022/10/20 11:42:16,77.027,81.311
400,2,2022/10/20 22:53:48.285,2022/10/20 22:58:04.849,256.564,11,sen9,sat29,fac1,2022/10/20 22:55:56,101.283,77.266
401,1,2022/10/20 20:13:38.208,2022/10/20 20:17:19.649,221.442,11,sen9,sat3,fac1,2022/10/20 20:15:28,205.342,80.762
402,2,2022/10/21 03:27:41.732,2022/10/21 03:31:15.500,213.769,15,sen9,sat3,fac1,2022/10/21 03:29:28,338.535,73.808
403,1,2022/10/20 12:26:00.830,2022/10/20 12:28:33.644,152.814,6,sen9,sat4,fac1,2022/10/20 12:27:16,224.624,76.238
404,2,2022/10/20 21:38:09.341,2022/10/20 21:40:46.926,157.585,12,sen9,sat4,fac1,2022/10/20 21:39:27,312.127,86.278
405,1,2022/10/20 22:56:59.838,2022/10/20 22:59:35.015,155.177,12,sen9,sat5,fac1,2022/10/20 22:58:17,274.673,58.336
406,1,2022/10/20 16:54:49.798,2022/10/20 16:57:33.091,163.294,9,sen9,sat6,fac1,2022/10/20 16:56:11,125.344,63.959
407,1,2022/10/20 04:30:50.787,2022/10/20 04:34:50.820,240.032,1,sen9,sat7,fac1,2022/10/20 04:32:50,302.490,84.643
408,2,2022/10/20 17:23:34.650,2022/10/20 17:27:24.924,230.274,8,sen9,sat7,fac1,2022/10/20 17:25:29,54.668,74.051
409,1,2022/10/20 12:41:21.183,2022/10/20 12:46:08.425,287.242,5,sen9,sat9,fac1,2022/10/20 12:43:44,283.080,81.715
410,2,2022/10/21 02:18:43.597,2022/10/21 02:21:14.615,151.018,13,sen9,sat9,fac1,2022/10/21 02:19:58,241.643,49.895
